smiles,LogS,LogD,LogP,Pgp-inh,Pgp-sub,HIA,F(20%),F(30%),Caco-2,MDCK,BBB,PPB,VDss,Fu,CYP1A2-inh,CYP1A2-sub,CYP2C19-inh,CYP2C19-sub,CYP2C9-inh,CYP2C9-sub,CYP2D6-inh,CYP2D6-sub,CYP3A4-inh,CYP3A4-sub,MLM,CL,T12,hERG,H-HT,DILI,Ames,ROA,FDAMDD,SkinSen,Carcinogenicity,EC,EI,Respiratory,BCF,IGC50,LC50,LC50DM,NR-AR,NR-AR-LBD,NR-AhR,NR-Aromatase,NR-ER,NR-ER-LBD,NR-PPAR-gamma,SR-ARE,SR-ATAD5,SR-HSE,SR-MMP,SR-p53
Cc1occc1C(=O)Nc1ccccc1,-3.586,2.862,2.751,0.001,0.024,0.993,0.997,0.997,-4.488,-4.732,0.189,94.18,2.817,1.199,0.942,0.691,0.894,0.318,0.447,0.573,0.103,0.814,0.095,0.273,0.605,10.444,0.589,0.309,0.215,0.858,0.276,0.93,0.155,0.153,0.65,0.02,0.945,0.675,0.622,2.995,3.79,4.561,0.033,0.017,0.912,0.14,0.306,0.007,0.207,0.547,0.043,0.272,0.518,0.229
CC(C)=CCCC(C)=CC=O,-2.382,1.761,2.792,0.004,0.008,0.988,0.949,0.991,-4.311,-4.561,0.976,85.9,2.515,0.785,0.676,0.668,0.378,0.886,0.122,0.895,0.094,0.684,0.021,0.246,0.311,3.461,0.775,0.016,0.645,0.045,0.114,0.034,0.047,0.95,0.76,0.96,0.978,0.921,1.429,3.486,5.06,5.485,0.008,0.003,0.013,0.004,0.08,0.01,0.003,0.045,0.006,0.077,0.016,0.008
c1ccc2c(c1)ccc1c2ccc2c3ccccc3ccc21,-8.013,4.783,6.451,0.05,0.944,0.949,0.002,0.006,-4.769,-4.774,0.39,96.882,1.339,2.519,0.957,0.175,0.442,0.067,0.309,0.915,0.383,0.937,0.203,0.122,0.569,6.108,0.036,0.122,0.062,0.961,0.933,0.176,0.623,0.966,0.909,0.013,0.997,0.819,2.403,5.261,5.584,6.075,0.348,0.778,0.977,0.68,0.675,0.894,0.149,0.955,0.975,0.927,0.888,0.869
c1ccsc1,-1.581,1.574,1.732,0.0,0.001,0.988,0.318,0.04,-4.155,-3.886,0.816,47.816,1.78,0.248,0.951,0.849,0.408,0.547,0.047,0.683,0.804,0.877,0.012,0.284,0.047,7.511,0.806,0.024,0.084,0.324,0.053,0.031,0.022,0.816,0.029,0.992,0.996,0.697,0.667,2.372,3.767,2.851,0.002,0.002,0.02,0.006,0.87,0.01,0.515,0.023,0.022,0.328,0.012,0.014
c1ccc2scnc2c1,-1.538,1.651,1.99,0.001,0.0,0.996,0.134,0.299,-4.278,-4.512,0.535,80.458,2.43,0.76,0.991,0.852,0.507,0.524,0.09,0.5,0.856,0.668,0.053,0.36,0.133,9.523,0.593,0.023,0.074,0.87,0.435,0.145,0.029,0.353,0.293,0.711,0.991,0.919,0.696,2.989,3.326,3.468,0.09,0.008,0.869,0.102,0.672,0.015,0.884,0.509,0.902,0.469,0.36,0.071
Clc1cc(Cl)c(-c2c(Cl)cccc2Cl)c(Cl)c1,-7.463,2.72,6.162,0.06,0.0,0.998,0.996,0.021,-4.77,-5.181,0.211,100.954,2.925,1.686,0.927,0.437,0.859,0.13,0.837,0.89,0.314,0.533,0.109,0.336,0.607,3.678,0.018,0.151,0.043,0.929,0.07,0.09,0.584,0.103,0.364,0.091,0.887,0.013,4.444,5.276,7.079,6.568,0.687,0.022,0.686,0.712,0.381,0.371,0.19,0.221,0.012,0.03,0.947,0.758
CC12CCC3c4ccc(O)cc4CCC3C1CCC2O,-4.169,3.673,3.523,0.001,0.008,0.993,0.04,0.025,-4.625,-4.626,0.71,95.199,1.554,1.513,0.352,0.826,0.196,0.837,0.269,0.904,0.077,0.908,0.084,0.407,0.357,18.064,0.232,0.135,0.22,0.074,0.046,0.17,0.892,0.895,0.05,0.003,0.02,0.891,1.84,4.732,4.55,5.66,0.147,0.104,0.013,0.177,0.846,0.978,0.013,0.659,0.035,0.769,0.98,0.609
ClC1=C(Cl)C2(Cl)C3C4CC(C5OC45)C3C1(Cl)C2(Cl)Cl,-6.643,3.377,5.287,0.0,0.001,0.996,0.998,0.992,-4.664,-4.286,0.538,99.403,2.241,2.061,0.662,0.962,0.461,0.863,0.477,0.049,0.017,0.07,0.088,0.736,0.797,8.751,0.013,0.03,0.108,0.744,0.126,0.92,0.951,0.167,0.066,0.385,0.51,0.968,3.806,5.236,7.718,6.466,0.005,0.006,0.016,0.955,0.105,0.857,0.002,0.805,0.03,0.958,0.976,0.238
C=C(C)C1Cc2c(ccc3c2OC2COc4cc(OC)c(OC)cc4C2C3=O)O1,-5.497,3.459,4.275,0.872,0.001,0.993,0.998,0.997,-4.86,-4.552,0.094,97.78,0.594,1.619,0.083,0.918,0.852,0.888,0.797,0.903,0.469,0.914,0.904,0.797,0.673,8.285,0.069,0.072,0.249,0.722,0.283,0.86,0.885,0.265,0.28,0.003,0.107,0.785,2.522,5.004,7.915,7.539,0.018,0.117,0.913,0.623,0.259,0.433,0.241,0.606,0.79,0.282,0.869,0.911
O=C1CCCN1,0.729,-0.554,-0.709,0.001,0.091,0.993,0.989,0.927,-4.334,-4.425,0.994,7.175,1.18,0.059,0.119,0.192,0.038,0.446,0.017,0.268,0.011,0.348,0.009,0.207,0.489,7.462,0.795,0.016,0.075,0.045,0.033,0.165,0.037,0.327,0.029,0.026,0.786,0.044,0.344,1.641,2.106,3.842,0.018,0.002,0.01,0.006,0.161,0.006,0.003,0.04,0.017,0.013,0.003,0.013
CCC1(c2ccccc2)C(=O)NCNC1=O,-2.311,0.855,0.993,0.002,0.863,0.996,0.997,0.999,-4.669,-4.021,0.937,45.459,1.296,0.241,0.034,0.091,0.184,0.94,0.017,0.078,0.017,0.094,0.07,0.151,0.21,2.692,0.496,0.008,0.06,0.022,0.957,0.342,0.205,0.067,0.019,0.003,0.01,0.615,0.271,2.006,2.96,4.196,0.008,0.002,0.003,0.003,0.224,0.008,0.004,0.186,0.003,0.003,0.007,0.008
CCC(C)CO,-0.381,0.903,1.152,0.0,0.034,0.996,0.997,0.993,-4.177,-4.484,0.993,31.041,1.005,0.148,0.359,0.737,0.035,0.727,0.017,0.207,0.012,0.26,0.009,0.23,0.659,9.58,0.803,0.018,0.028,0.055,0.01,0.182,0.019,0.271,0.189,0.903,0.99,0.098,0.694,2.079,2.494,3.319,0.01,0.002,0.008,0.003,0.143,0.017,0.002,0.013,0.004,0.083,0.004,0.003
N#Cc1ccccc1,-2.034,1.458,1.584,0.001,0.001,0.996,0.94,0.996,-4.179,-4.505,0.806,71.832,2.338,0.749,0.956,0.502,0.375,0.428,0.14,0.477,0.011,0.403,0.015,0.316,0.535,8.75,0.816,0.097,0.898,0.276,0.09,0.087,0.06,0.38,0.605,0.968,0.995,0.291,0.73,2.849,3.321,3.552,0.055,0.007,0.008,0.013,0.26,0.007,0.011,0.017,0.01,0.011,0.009,0.01
CCOP(=S)(OCC)Oc1cc(C)nc(C(C)C)n1,-4.204,2.169,3.855,0.999,0.0,0.992,0.993,0.963,-4.514,-4.544,0.41,99.752,1.662,2.176,0.778,0.907,0.858,0.628,0.395,0.765,0.033,0.894,0.075,0.204,0.498,2.162,0.161,0.041,0.024,0.141,0.143,0.983,0.174,0.89,0.054,0.136,0.406,0.929,2.136,3.587,5.847,7.85,0.011,0.002,0.968,0.94,0.479,0.045,0.002,0.027,0.003,0.005,0.012,0.003
Clc1ccc(-c2c(Cl)ccc(Cl)c2Cl)c(Cl)c1,-7.464,2.9,6.29,0.046,0.0,0.998,0.996,0.034,-4.682,-5.152,0.126,101.187,2.985,1.695,0.972,0.329,0.764,0.067,0.749,0.907,0.329,0.68,0.119,0.519,0.579,4.865,0.023,0.219,0.036,0.941,0.059,0.147,0.396,0.093,0.45,0.143,0.943,0.016,4.494,5.343,7.08,6.472,0.653,0.052,0.481,0.695,0.382,0.586,0.035,0.646,0.069,0.043,0.93,0.768
O=c1[nH]c2c(c(=O)n1C1CCCCC1)CCC2,-4.19,1.974,2.152,0.211,0.993,0.995,0.163,0.898,-4.763,-4.644,0.505,85.681,0.568,0.836,0.202,0.935,0.626,0.065,0.305,0.232,0.157,0.134,0.105,0.232,0.46,6.28,0.359,0.015,0.614,0.181,0.029,0.041,0.561,0.352,0.118,0.003,0.055,0.319,0.641,2.961,3.135,4.686,0.026,0.002,0.053,0.464,0.088,0.015,0.083,0.22,0.021,0.016,0.044,0.312
CCOP(=S)(OCC)SCSCC,-3.977,2.008,3.91,0.847,0.001,0.997,0.998,0.984,-4.628,-4.674,0.069,99.578,1.345,1.924,0.916,0.927,0.886,0.845,0.499,0.871,0.018,0.873,0.07,0.2,0.044,10.953,0.635,0.013,0.039,0.218,0.04,0.983,0.05,0.878,0.076,0.935,0.972,0.921,2.073,3.685,5.94,6.487,0.004,0.003,0.953,0.901,0.631,0.004,0.003,0.017,0.003,0.009,0.009,0.003
CCOc1ccc(NC(C)=O)cc1,-2.362,1.722,1.677,0.003,0.063,0.997,0.997,0.007,-4.298,-4.768,0.452,33.046,0.995,0.331,0.841,0.94,0.479,0.824,0.065,0.843,0.033,0.876,0.023,0.733,0.614,6.297,0.684,0.073,0.502,0.715,0.6,0.048,0.028,0.337,0.783,0.004,0.81,0.023,0.532,2.505,3.147,3.214,0.028,0.004,0.715,0.005,0.161,0.004,0.004,0.042,0.018,0.013,0.129,0.044
CCN(CC)c1c([N+](=O)[O-])cc(C(F)(F)F)c(N)c1[N+](=O)[O-],-6.562,3.84,3.837,0.0,0.002,0.996,0.997,0.999,-4.347,-3.578,0.852,95.889,1.075,1.644,0.912,0.846,0.894,0.595,0.836,0.502,0.177,0.297,0.101,0.056,0.835,8.017,0.244,0.078,0.158,0.869,0.853,0.103,0.925,0.755,0.91,0.328,0.873,0.948,1.763,4.105,5.816,6.605,0.808,0.261,0.656,0.91,0.401,0.882,0.566,0.821,0.094,0.02,0.906,0.483
CCCCCCCO,-1.832,2.12,2.473,0.0,0.046,0.996,0.749,0.058,-4.212,-4.592,0.989,68.295,0.963,0.375,0.773,0.731,0.122,0.258,0.081,0.595,0.007,0.114,0.017,0.116,0.634,8.775,0.716,0.048,0.022,0.037,0.008,0.099,0.013,0.752,0.171,0.988,0.988,0.119,0.834,3.497,3.191,3.078,0.009,0.003,0.007,0.011,0.171,0.011,0.005,0.033,0.004,0.191,0.02,0.015
Cn1c(=O)c2[nH]cnc2n(C)c1=O,-1.815,0.276,0.153,0.079,0.981,0.993,0.996,0.997,-4.957,-5.316,0.88,50.267,1.38,0.26,0.236,0.975,0.023,0.349,0.005,0.834,0.006,0.069,0.029,0.79,0.101,2.256,0.828,0.012,0.287,0.126,0.022,0.982,0.017,0.058,0.067,0.004,0.236,0.872,0.349,2.235,3.318,3.793,0.002,0.001,0.272,0.006,0.056,0.005,0.004,0.012,0.004,0.004,0.007,0.003
CCCCC1(CC)C(=O)NC(=O)NC1=O,-2.139,1.707,1.829,0.136,0.007,0.997,0.999,0.999,-4.646,-4.193,0.999,19.415,0.676,0.191,0.079,0.608,0.182,0.922,0.108,0.622,0.01,0.162,0.007,0.101,0.756,0.178,0.739,0.008,0.327,0.271,0.918,0.889,0.056,0.042,0.018,0.003,0.008,0.036,0.161,2.133,2.791,2.707,0.097,0.003,0.015,0.005,0.116,0.006,0.003,0.049,0.005,0.01,0.02,0.019
ClC(Cl)=C(c1ccc(Cl)cc1)c1ccc(Cl)cc1,-6.69,3.626,6.041,0.001,0.0,0.998,0.999,1.0,-4.409,-5.132,0.49,98.162,2.687,1.763,0.926,0.338,0.893,0.086,0.487,0.146,0.738,0.032,0.098,0.797,0.501,3.857,0.062,0.248,0.301,0.952,0.028,0.085,0.739,0.072,0.524,0.004,0.307,0.94,4.064,5.0,6.378,6.431,0.002,0.002,0.02,0.226,0.51,0.068,0.002,0.795,0.012,0.725,0.952,0.539
CCc1ccc(CC)cc1,-4.327,4.012,4.034,0.047,0.007,0.997,0.741,0.078,-4.243,-4.709,0.813,94.754,1.457,1.583,0.98,0.921,0.895,0.549,0.728,0.289,0.885,0.314,0.118,0.567,0.135,10.317,0.379,0.119,0.053,0.128,0.032,0.028,0.058,0.452,0.217,0.961,0.992,0.131,2.436,3.773,4.22,5.26,0.021,0.004,0.003,0.006,0.29,0.05,0.004,0.026,0.005,0.03,0.022,0.003
COC(=O)Nc1cccc(OC(=O)Nc2cccc(C)c2)c1,-5.019,3.42,3.582,0.144,0.786,0.971,0.999,0.242,-4.796,-4.05,0.996,95.607,0.621,1.273,0.975,0.932,0.894,0.386,0.615,0.593,0.281,0.792,0.496,0.479,0.365,7.231,0.812,0.088,0.202,0.892,0.871,0.04,0.815,0.942,0.174,0.004,0.073,0.124,0.433,4.24,5.132,5.978,0.151,0.012,0.97,0.033,0.854,0.01,0.018,0.428,0.413,0.017,0.765,0.486
C=C(Cl)Cl,-1.489,1.025,1.975,0.002,0.001,0.997,0.998,1.0,-5.015,-3.702,0.983,50.042,0.9,0.337,0.879,0.797,0.2,0.804,0.044,0.203,0.01,0.313,0.023,0.25,0.569,8.912,0.675,0.011,0.122,0.08,0.966,0.891,0.043,0.099,0.963,0.961,0.978,0.963,0.713,2.649,2.875,3.442,0.003,0.002,0.012,0.004,0.059,0.005,0.003,0.016,0.003,0.006,0.004,0.002
Cc1cccc2c1Cc1ccccc1-2,-5.413,3.593,4.432,0.31,0.015,0.997,0.131,0.99,-4.537,-4.537,0.755,96.911,1.061,1.633,0.869,0.776,0.822,0.198,0.546,0.86,0.124,0.916,0.462,0.486,0.682,9.127,0.155,0.035,0.137,0.787,0.64,0.048,0.131,0.111,0.72,0.017,0.979,0.166,2.814,4.248,5.393,5.353,0.232,0.017,0.385,0.063,0.837,0.526,0.861,0.407,0.529,0.022,0.295,0.294
CCCCC=O,-0.68,1.007,1.034,0.001,0.005,0.996,0.626,0.853,-4.291,-4.551,0.972,30.502,1.102,0.098,0.508,0.786,0.053,0.704,0.018,0.667,0.016,0.428,0.013,0.163,0.693,7.925,0.748,0.089,0.029,0.035,0.682,0.184,0.023,0.955,0.107,0.993,0.992,0.963,0.567,3.117,3.704,3.87,0.013,0.005,0.019,0.017,0.245,0.008,0.023,0.019,0.009,0.052,0.009,0.631
c1ccc(Nc2ccccc2)cc1,-3.898,3.22,3.63,0.003,0.041,0.964,0.005,0.553,-4.293,-4.742,0.564,95.494,4.538,1.422,0.991,0.458,0.831,0.205,0.388,0.144,0.439,0.218,0.058,0.283,0.192,9.089,0.659,0.092,0.039,0.895,0.043,0.154,0.124,0.947,0.361,0.94,0.986,0.386,2.259,4.183,4.726,4.568,0.012,0.01,0.937,0.788,0.855,0.032,0.004,0.121,0.037,0.057,0.899,0.027
CN(C)C(=O)SCCCCOc1ccccc1,-3.851,3.1,3.246,0.002,0.001,0.99,0.957,0.97,-4.431,-4.539,0.987,91.759,0.781,1.01,0.937,0.925,0.929,0.932,0.312,0.849,0.068,0.888,0.137,0.311,0.311,11.378,0.363,0.15,0.051,0.412,0.385,0.182,0.01,0.794,0.434,0.109,0.877,0.744,1.226,3.51,4.154,5.916,0.165,0.026,0.735,0.915,0.401,0.005,0.193,0.171,0.016,0.043,0.418,0.286
CCCCCCCI,-4.622,3.71,4.475,0.0,0.001,0.998,0.644,0.098,-4.323,-4.781,0.972,92.613,1.59,0.874,0.968,0.78,0.567,0.462,0.344,0.874,0.053,0.357,0.055,0.139,0.583,4.859,0.335,0.054,0.132,0.34,0.083,0.282,0.026,0.603,0.311,0.994,0.992,0.947,2.265,4.412,4.732,4.523,0.021,0.003,0.01,0.017,0.203,0.007,0.038,0.03,0.007,0.1,0.021,0.05
Clc1cccc(-c2ccccc2)c1,-5.369,3.988,4.496,0.006,0.02,0.998,0.036,0.849,-4.346,-4.934,0.266,98.36,0.985,1.745,0.992,0.463,0.901,0.065,0.618,0.411,0.091,0.182,0.028,0.253,0.538,6.707,0.196,0.184,0.076,0.356,0.431,0.215,0.154,0.508,0.708,0.597,0.983,0.027,2.702,4.467,4.77,5.294,0.022,0.008,0.078,0.013,0.782,0.058,0.025,0.09,0.044,0.019,0.31,0.034
O=C1NC(=O)C2(CCC2)C(=O)N1,-1.615,-0.143,-0.082,0.1,0.004,0.995,0.999,0.999,-5.121,-4.427,0.998,16.569,0.616,0.104,0.037,0.516,0.076,0.842,0.011,0.531,0.014,0.15,0.005,0.087,0.806,0.432,0.777,0.004,0.311,0.221,0.96,0.748,0.045,0.039,0.021,0.003,0.009,0.036,0.104,2.285,2.675,2.343,0.026,0.002,0.028,0.007,0.098,0.005,0.003,0.046,0.004,0.011,0.011,0.037
CC1CCC(C(C)C)C(O)C1,-2.73,3.25,3.022,0.0,0.04,0.995,0.934,0.625,-4.323,-4.564,0.832,82.256,1.132,0.91,0.25,0.707,0.028,0.855,0.108,0.895,0.003,0.373,0.023,0.307,0.745,14.327,0.354,0.026,0.093,0.124,0.02,0.039,0.021,0.281,0.083,0.631,0.939,0.293,1.286,3.326,3.437,4.283,0.01,0.002,0.006,0.002,0.38,0.577,0.002,0.014,0.002,0.098,0.026,0.003
CC(C)OC=O,-0.87,0.775,0.84,0.0,0.001,0.996,0.998,0.158,-4.357,-3.451,0.987,12.553,1.087,0.09,0.851,0.313,0.147,0.64,0.066,0.195,0.028,0.107,0.008,0.228,0.549,9.013,0.872,0.005,0.137,0.246,0.032,0.028,0.021,0.182,0.658,0.932,0.976,0.169,0.238,1.348,2.536,2.524,0.006,0.005,0.011,0.003,0.081,0.013,0.002,0.015,0.006,0.009,0.004,0.005
CCCCCC(C)O,-1.444,1.913,2.323,0.0,0.38,0.995,0.717,0.85,-4.2,-4.549,0.965,63.14,1.126,0.359,0.699,0.897,0.159,0.771,0.066,0.889,0.011,0.354,0.014,0.17,0.601,9.608,0.663,0.026,0.028,0.039,0.011,0.033,0.02,0.253,0.123,0.939,0.989,0.048,0.678,3.049,2.754,3.244,0.015,0.003,0.004,0.004,0.179,0.008,0.018,0.018,0.004,0.014,0.015,0.006
CC(=O)Nc1ccc(Br)cc1,-2.613,2.243,2.239,0.001,0.003,0.992,0.999,0.99,-4.2,-4.694,0.945,78.48,1.13,0.435,0.946,0.881,0.746,0.797,0.119,0.531,0.155,0.717,0.021,0.53,0.334,0.7,0.68,0.112,0.17,0.622,0.341,0.072,0.044,0.555,0.682,0.062,0.861,0.032,0.583,3.065,3.615,4.099,0.137,0.002,0.419,0.005,0.141,0.005,0.004,0.029,0.02,0.015,0.099,0.008
C#CCCCCCC,-3.429,3.091,3.47,0.0,0.0,0.996,0.545,0.163,-4.269,-4.779,0.992,95.109,3.106,1.79,0.983,0.789,0.673,0.832,0.417,0.854,0.348,0.172,0.152,0.167,0.568,4.843,0.51,0.033,0.066,0.051,0.031,0.49,0.082,0.858,0.647,0.967,0.993,0.915,1.902,3.788,3.877,4.287,0.014,0.003,0.012,0.01,0.232,0.015,0.007,0.098,0.02,0.115,0.025,0.017
CCC1(C2=CCCCC2)C(=O)NC(=O)NC1=O,-2.474,1.972,1.959,0.013,0.036,0.996,0.994,0.995,-4.999,-4.382,0.999,54.45,0.711,0.366,0.043,0.655,0.199,0.934,0.101,0.908,0.008,0.11,0.011,0.118,0.714,0.024,0.694,0.002,0.102,0.179,0.898,0.848,0.127,0.029,0.072,0.003,0.007,0.9,0.105,2.075,2.67,3.283,0.127,0.003,0.027,0.007,0.119,0.009,0.004,0.121,0.004,0.018,0.022,0.016
c1ccc2c(c1)ccc1c3ccccc3ccc21,-7.301,4.503,5.57,0.03,0.84,0.991,0.003,0.02,-4.615,-4.775,0.56,98.134,1.175,2.265,0.979,0.196,0.609,0.087,0.405,0.901,0.515,0.922,0.27,0.156,0.523,6.991,0.07,0.133,0.054,0.941,0.912,0.139,0.566,0.956,0.891,0.059,0.996,0.782,2.661,4.994,5.397,6.06,0.157,0.188,0.944,0.252,0.712,0.766,0.038,0.916,0.933,0.829,0.836,0.759
CCC(C)n1c(=O)[nH]c(C)c(Br)c1=O,-2.73,1.074,1.704,0.0,0.001,0.078,0.997,0.975,-4.488,-4.74,0.887,91.792,0.524,0.736,0.177,0.922,0.163,0.438,0.152,0.304,0.026,0.194,0.123,0.582,0.62,7.798,0.611,0.004,0.233,0.905,0.006,0.014,0.054,0.379,0.063,0.005,0.26,0.511,0.739,2.34,3.52,4.898,0.026,0.002,0.009,0.005,0.125,0.027,0.003,0.024,0.006,0.006,0.006,0.006
Clc1cccc(-c2c(Cl)c(Cl)cc(Cl)c2Cl)c1Cl,-7.928,2.804,6.745,0.123,0.0,0.998,0.998,0.032,-4.727,-5.061,0.06,101.797,4.642,1.67,0.957,0.372,0.667,0.065,0.911,0.934,0.049,0.474,0.102,0.47,0.76,5.753,0.028,0.138,0.035,0.95,0.061,0.128,0.791,0.157,0.35,0.537,0.957,0.088,4.655,5.57,7.303,6.391,0.684,0.376,0.458,0.768,0.241,0.689,0.045,0.781,0.06,0.076,0.923,0.752
Cc1ccccc1O,-0.744,1.745,1.958,0.0,0.011,0.996,0.888,0.973,-4.284,-4.513,0.432,75.615,1.814,0.77,0.858,0.916,0.427,0.651,0.085,0.709,0.387,0.872,0.032,0.286,0.236,14.833,0.891,0.008,0.023,0.076,0.118,0.811,0.041,0.718,0.611,0.984,0.996,0.651,0.958,3.394,3.889,4.66,0.014,0.005,0.026,0.023,0.138,0.032,0.003,0.027,0.013,0.027,0.104,0.009
CC(C)CCC(C)(C)C,-5.119,4.938,4.837,0.002,0.001,0.983,0.314,0.275,-4.243,-4.769,0.864,95.296,2.269,1.148,0.578,0.738,0.533,0.922,0.504,0.945,0.01,0.207,0.041,0.183,0.57,8.882,0.373,0.017,0.029,0.041,0.006,0.059,0.028,0.274,0.053,0.99,0.983,0.274,2.693,3.963,4.007,4.47,0.004,0.002,0.007,0.004,0.243,0.033,0.003,0.017,0.001,0.037,0.006,0.001
Cc1ccc(C)c2ccccc12,-4.908,3.808,4.329,0.024,0.204,0.997,0.323,0.07,-4.462,-4.678,0.765,95.909,0.983,1.591,0.978,0.929,0.822,0.683,0.468,0.827,0.679,0.935,0.432,0.381,0.756,9.635,0.169,0.046,0.03,0.497,0.765,0.08,0.558,0.833,0.847,0.902,0.998,0.266,2.666,4.192,4.39,5.395,0.028,0.003,0.269,0.014,0.297,0.05,0.004,0.043,0.009,0.042,0.13,0.012
Cc1cc2c3ccccc3ccc2c2ccccc12,-7.43,4.581,5.973,0.057,0.607,0.994,0.025,0.006,-4.697,-4.786,0.586,97.864,1.429,2.319,0.971,0.223,0.811,0.144,0.531,0.903,0.587,0.935,0.379,0.142,0.752,6.615,0.056,0.129,0.063,0.937,0.937,0.163,0.875,0.956,0.885,0.058,0.997,0.798,2.658,5.081,5.416,6.027,0.244,0.117,0.958,0.252,0.562,0.626,0.04,0.903,0.876,0.83,0.85,0.757
CCCC(C)=O,-0.282,0.37,0.75,0.002,0.017,0.995,0.961,0.994,-4.252,-4.545,0.996,42.071,0.71,0.171,0.546,0.927,0.128,0.895,0.023,0.882,0.011,0.803,0.009,0.208,0.534,8.388,0.83,0.028,0.06,0.074,0.007,0.059,0.036,0.251,0.109,0.983,0.987,0.028,0.524,1.854,2.327,2.698,0.008,0.003,0.017,0.005,0.163,0.006,0.003,0.019,0.007,0.015,0.004,0.003
Clc1cc(Cl)c(Cl)c(-c2c(Cl)c(Cl)cc(Cl)c2Cl)c1Cl,-8.773,2.549,7.513,0.391,0.0,0.998,1.0,0.027,-4.904,-5.172,0.031,103.061,5.656,1.621,0.832,0.404,0.535,0.068,0.886,0.938,0.006,0.448,0.049,0.317,0.82,5.567,0.017,0.093,0.037,0.964,0.052,0.138,0.912,0.311,0.182,0.52,0.933,0.249,5.174,5.895,7.709,6.509,0.726,0.57,0.567,0.766,0.106,0.673,0.221,0.873,0.048,0.099,0.961,0.917
CCCOC(=O)CC,-1.575,1.184,1.728,0.004,0.007,0.997,0.967,0.446,-4.171,-4.447,0.988,49.913,0.627,0.202,0.922,0.434,0.326,0.711,0.042,0.256,0.014,0.282,0.017,0.257,0.451,11.88,0.809,0.036,0.019,0.154,0.008,0.027,0.017,0.591,0.097,0.967,0.985,0.074,0.513,2.129,3.403,3.372,0.13,0.007,0.008,0.007,0.089,0.023,0.003,0.016,0.006,0.038,0.002,0.004
CC12C=CC(=O)C=C1CCC1C3CC(O)C(O)(C(=O)CO)C3(C)CC(O)C12F,-3.749,0.993,1.199,0.005,0.03,0.429,0.987,0.984,-4.941,-4.785,0.995,76.667,0.762,0.733,0.005,0.55,0.014,0.766,0.008,0.12,0.002,0.064,0.136,0.885,0.765,2.134,0.779,0.036,0.521,0.016,0.084,0.404,0.923,0.054,0.726,0.003,0.01,0.932,0.157,1.713,3.042,4.972,0.987,0.974,0.016,0.695,0.191,0.029,0.006,0.267,0.067,0.022,0.654,0.034
O=C(Cn1ccnc1[N+](=O)[O-])NCc1ccccc1,-1.445,1.328,0.739,0.0,0.003,0.969,0.998,1.0,-4.29,-3.72,0.578,66.092,0.664,0.442,0.194,0.067,0.405,0.081,0.226,0.556,0.013,0.318,0.059,0.193,0.517,8.615,0.816,0.044,0.722,0.765,0.973,0.021,0.396,0.336,0.836,0.003,0.014,0.052,0.483,2.269,2.716,3.387,0.015,0.03,0.023,0.005,0.073,0.013,0.005,0.053,0.01,0.043,0.014,0.005
NC(=O)c1cnccn1,0.139,-0.882,-0.485,0.0,0.005,0.993,0.996,0.995,-4.266,-4.827,0.756,15.515,1.111,0.069,0.061,0.869,0.029,0.065,0.007,0.226,0.005,0.335,0.014,0.236,0.683,5.618,0.34,0.035,0.123,0.967,0.02,0.057,0.083,0.877,0.115,0.009,0.965,0.314,-0.006,1.272,2.431,2.004,0.009,0.002,0.006,0.005,0.042,0.004,0.003,0.024,0.014,0.016,0.009,0.005
CCC(Br)(CC)C(=O)NC(N)=O,-1.923,1.231,1.668,0.002,0.007,0.993,0.998,0.999,-4.579,-4.249,1.0,57.019,0.795,0.307,0.108,0.789,0.177,0.818,0.036,0.744,0.017,0.696,0.015,0.143,0.658,2.473,0.579,0.013,0.155,0.184,0.791,0.949,0.063,0.19,0.1,0.003,0.014,0.244,0.358,2.111,2.941,2.845,0.723,0.003,0.011,0.01,0.302,0.145,0.01,0.343,0.007,0.068,0.118,0.15
O=C1CN(N=Cc2ccc([N+](=O)[O-])o2)C(=O)N1,-2.257,0.086,-0.154,0.011,0.428,0.988,0.997,0.996,-4.939,-4.193,0.407,52.73,0.616,0.254,0.27,0.912,0.136,0.061,0.014,0.713,0.009,0.345,0.007,0.197,0.824,4.038,0.747,0.313,0.488,0.975,0.999,0.161,0.04,0.618,0.994,0.003,0.012,0.064,0.4,4.298,2.973,2.71,0.008,0.012,0.391,0.016,0.132,0.066,0.007,0.916,0.024,0.027,0.705,0.462
O=[N+]([O-])c1ccc(Oc2ccc(Cl)cc2Cl)cc1,-5.873,3.935,4.515,0.004,0.0,0.996,0.998,0.999,-4.638,-4.759,0.279,100.755,0.702,2.079,0.958,0.21,0.919,0.096,0.836,0.925,0.478,0.788,0.148,0.374,0.53,5.301,0.132,0.76,0.054,0.896,0.931,0.048,0.401,0.909,0.686,0.064,0.972,0.915,2.972,4.886,6.218,6.371,0.631,0.029,0.495,0.827,0.745,0.323,0.009,0.635,0.041,0.022,0.89,0.624
CC12CCC(CC1=O)C2(C)C,-2.294,2.179,2.324,0.004,0.0,0.994,0.993,0.98,-4.582,-4.654,0.832,79.215,0.842,0.422,0.078,0.76,0.286,0.94,0.117,0.841,0.005,0.629,0.048,0.397,0.315,13.808,0.701,0.005,0.218,0.041,0.025,0.189,0.107,0.051,0.425,0.969,0.981,0.926,0.498,2.555,2.729,3.731,0.037,0.009,0.009,0.032,0.113,0.039,0.024,0.027,0.008,0.015,0.062,0.005
C=CCC1(c2ccccc2)C(=O)NC(=O)NC1=O,-2.23,1.144,1.683,0.006,0.018,0.992,0.994,0.999,-5.019,-4.125,0.999,63.842,0.495,0.435,0.045,0.22,0.099,0.938,0.044,0.725,0.004,0.121,0.029,0.783,0.341,-0.013,0.682,0.011,0.319,0.187,0.902,0.878,0.284,0.079,0.024,0.003,0.008,0.307,0.357,2.212,3.41,2.829,0.209,0.006,0.066,0.004,0.167,0.005,0.003,0.029,0.003,0.013,0.038,0.035
CCCCC(=O)OCC,-1.947,2.192,2.393,0.053,0.002,0.998,0.977,0.253,-4.242,-4.473,0.986,65.96,0.605,0.332,0.971,0.737,0.64,0.709,0.283,0.622,0.035,0.191,0.036,0.236,0.411,9.967,0.845,0.035,0.024,0.135,0.011,0.054,0.017,0.666,0.277,0.972,0.986,0.115,0.549,2.885,3.739,3.608,0.058,0.004,0.006,0.009,0.082,0.01,0.006,0.017,0.004,0.034,0.003,0.003
CC(=O)OCCC(C)C,-1.651,1.965,2.155,0.0,0.001,0.997,0.853,0.416,-4.151,-4.491,0.989,43.121,1.003,0.179,0.912,0.114,0.205,0.75,0.185,0.446,0.011,0.139,0.02,0.261,0.463,7.369,0.739,0.014,0.026,0.35,0.012,0.023,0.015,0.482,0.31,0.971,0.992,0.073,0.575,2.437,3.612,3.381,0.016,0.003,0.02,0.003,0.083,0.013,0.002,0.017,0.008,0.035,0.004,0.008
CCCCCC(=O)OCN1C(=O)NC(c2ccccc2)(c2ccccc2)C1=O,-4.893,4.202,4.048,0.995,0.927,0.995,0.735,0.489,-4.745,-4.549,0.997,91.965,0.504,1.116,0.077,0.536,0.949,0.969,0.922,0.972,0.065,0.208,0.76,0.936,0.031,0.825,0.228,0.048,0.076,0.982,0.026,0.009,0.013,0.662,0.08,0.003,0.01,0.015,0.406,3.281,4.008,2.804,0.014,0.007,0.422,0.01,0.309,0.004,0.012,0.369,0.008,0.023,0.667,0.354
Clc1cccc(-c2cc(Cl)ccc2Cl)c1,-6.6,3.533,5.585,0.016,0.001,0.998,0.98,0.659,-4.535,-5.185,0.118,100.118,1.051,1.812,0.989,0.321,0.901,0.062,0.664,0.742,0.581,0.536,0.109,0.297,0.446,5.185,0.066,0.355,0.066,0.889,0.088,0.221,0.43,0.148,0.581,0.106,0.929,0.01,3.752,5.036,5.955,5.9,0.272,0.006,0.338,0.076,0.594,0.081,0.018,0.461,0.023,0.02,0.712,0.442
CCCBr,-1.904,1.898,2.274,0.0,0.0,0.996,0.996,0.98,-4.108,-4.509,0.998,69.373,2.509,0.35,0.868,0.917,0.129,0.882,0.033,0.665,0.041,0.668,0.013,0.206,0.522,4.81,0.693,0.028,0.165,0.289,0.926,0.496,0.028,0.432,0.821,0.985,0.995,0.829,0.877,2.88,3.44,3.817,0.012,0.003,0.018,0.005,0.062,0.005,0.004,0.056,0.007,0.033,0.011,0.031
CCCC1COC(Cn2cncn2)(c2ccc(Cl)cc2Cl)O1,-4.061,3.578,3.503,0.016,0.002,0.998,0.999,0.995,-4.399,-4.435,0.028,97.038,1.947,1.832,0.614,0.896,0.848,0.651,0.466,0.085,0.146,0.15,0.896,0.873,0.516,12.899,0.311,0.193,0.217,0.983,0.84,0.078,0.387,0.868,0.517,0.003,0.162,0.031,1.969,4.04,4.995,3.699,0.002,0.004,0.943,0.988,0.099,0.035,0.008,0.803,0.017,0.201,0.585,0.115
COP(=S)(OC)SCC(=O)N(C)C=O,-2.158,0.265,1.265,0.0,0.002,0.859,0.688,0.033,-4.692,-4.981,0.829,90.788,0.758,1.369,0.147,0.95,0.142,0.433,0.031,0.394,0.009,0.502,0.015,0.298,0.075,6.447,0.859,0.015,0.174,0.027,0.032,0.979,0.027,0.69,0.098,0.572,0.64,0.303,0.311,2.241,4.139,5.258,0.017,0.027,0.885,0.793,0.079,0.437,0.005,0.078,0.006,0.008,0.009,0.14
Cc1ncnc2nccnc12,-0.452,0.558,0.368,0.0,0.004,0.993,0.987,0.944,-4.512,-4.468,0.875,37.28,1.519,0.164,0.372,0.896,0.023,0.181,0.002,0.815,0.002,0.418,0.011,0.23,0.669,5.389,0.49,0.007,0.337,0.984,0.234,0.147,0.103,0.953,0.22,0.106,0.993,0.694,0.186,1.902,2.351,1.715,0.018,0.01,0.489,0.906,0.068,0.025,0.828,0.405,0.301,0.8,0.106,0.804
NC(N)=S,0.292,-0.552,-1.007,0.0,0.591,0.996,0.998,0.999,-5.069,-3.418,0.894,28.747,1.097,0.185,0.202,0.277,0.026,0.117,0.014,0.243,0.006,0.471,0.006,0.131,0.765,5.82,0.592,0.032,0.128,0.569,0.015,0.977,0.554,0.098,0.783,0.051,0.906,0.081,0.015,2.034,2.644,3.666,0.011,0.001,0.022,0.004,0.053,0.005,0.003,0.014,0.004,0.011,0.004,0.002
Cc1ccc(C)cc1,-3.011,3.149,3.118,0.001,0.005,0.997,0.8,0.966,-4.263,-4.614,0.93,88.923,2.438,0.933,0.941,0.943,0.891,0.879,0.351,0.676,0.168,0.906,0.063,0.576,0.486,11.126,0.632,0.057,0.084,0.086,0.033,0.058,0.05,0.31,0.59,0.979,0.996,0.056,1.698,3.207,3.815,3.818,0.006,0.003,0.005,0.004,0.185,0.006,0.002,0.016,0.007,0.01,0.006,0.002
CC(C)C(C(=O)OC(C#N)c1cccc(Oc2ccccc2)c1)c1ccc(OC(F)F)cc1,-7.27,4.213,5.946,0.029,0.0,0.991,0.996,0.991,-4.897,-4.624,0.052,99.562,1.035,1.955,0.394,0.142,0.807,0.072,0.908,0.215,0.11,0.056,0.559,0.457,0.848,4.255,0.018,0.337,0.676,0.979,0.323,0.972,0.971,0.033,0.05,0.003,0.014,0.963,2.973,5.213,9.027,7.969,0.002,0.012,0.117,0.873,0.022,0.004,0.014,0.036,0.003,0.013,0.937,0.007
CCC[N+](=O)[O-],-0.874,1.063,0.829,0.0,0.006,0.997,0.996,0.997,-4.208,-3.495,0.937,47.841,0.754,0.187,0.361,0.627,0.155,0.762,0.016,0.426,0.01,0.552,0.008,0.188,0.79,8.651,0.769,0.046,0.753,0.047,0.334,0.763,0.114,0.85,0.532,0.95,0.987,0.793,0.539,2.267,3.058,3.309,0.114,0.009,0.011,0.006,0.144,0.013,0.003,0.055,0.011,0.02,0.006,0.006
CC1CCC(C(C)C)C(=O)C1,-2.458,2.383,2.506,0.0,0.001,0.996,0.83,0.729,-4.337,-4.606,0.991,74.066,1.252,0.703,0.19,0.699,0.052,0.903,0.122,0.921,0.003,0.519,0.026,0.347,0.657,15.942,0.573,0.01,0.389,0.424,0.066,0.162,0.045,0.208,0.412,0.703,0.927,0.151,0.685,2.534,2.938,3.918,0.016,0.003,0.025,0.004,0.255,0.291,0.003,0.016,0.003,0.16,0.011,0.004
O=[N+]([O-])c1cccc(Cl)c1Cl,-3.572,2.711,3.034,0.001,0.0,0.997,0.999,0.998,-4.239,-3.79,0.737,98.227,1.27,1.656,0.979,0.808,0.927,0.343,0.598,0.865,0.374,0.715,0.191,0.281,0.824,6.735,0.329,0.265,0.147,0.79,0.575,0.128,0.522,0.757,0.416,0.959,0.992,0.948,2.058,4.335,4.879,4.955,0.557,0.529,0.116,0.03,0.148,0.183,0.006,0.635,0.377,0.119,0.215,0.033
c1ccc2c(c1)-c1cccc3cccc-2c13,-6.534,3.817,4.952,0.021,0.279,0.997,0.005,0.045,-4.626,-4.763,0.268,98.44,0.783,2.011,0.991,0.234,0.651,0.063,0.415,0.905,0.169,0.921,0.246,0.174,0.631,5.821,0.087,0.186,0.026,0.824,0.79,0.049,0.127,0.906,0.83,0.112,0.991,0.065,2.936,5.013,6.748,6.245,0.029,0.797,0.942,0.056,0.752,0.671,0.978,0.923,0.571,0.796,0.839,0.887
CCCOC(C)C,-1.236,1.87,1.772,0.0,0.002,0.998,0.982,0.96,-4.033,-4.489,0.891,40.25,1.371,0.247,0.458,0.572,0.092,0.887,0.023,0.153,0.004,0.225,0.009,0.276,0.587,10.275,0.736,0.024,0.045,0.174,0.01,0.028,0.027,0.088,0.134,0.878,0.988,0.022,0.625,2.009,2.45,2.692,0.007,0.002,0.005,0.004,0.194,0.021,0.002,0.013,0.003,0.006,0.004,0.002
CCC(=C(CC)c1ccc(O)cc1)c1ccc(O)cc1,-4.037,4.65,4.846,0.281,0.218,0.994,0.965,0.303,-4.652,-4.816,0.091,98.399,1.041,2.1,0.989,0.86,0.946,0.062,0.777,0.946,0.977,0.402,0.838,0.466,0.067,10.678,0.872,0.135,0.041,0.461,0.067,0.301,0.094,0.941,0.422,0.003,0.201,0.075,1.442,4.871,5.685,5.11,0.017,0.124,0.104,0.464,0.98,0.994,0.008,0.911,0.703,0.919,0.98,0.892
N#Cc1c(Cl)c(Cl)c(Cl)c(C#N)c1Cl,-5.683,2.319,3.801,0.015,0.0,0.928,0.999,0.98,-4.611,-4.48,0.229,100.46,2.728,1.904,0.955,0.456,0.628,0.101,0.908,0.728,0.008,0.196,0.158,0.216,0.861,9.063,0.226,0.004,0.921,0.945,0.044,0.3,0.986,0.889,0.873,0.982,0.993,0.91,1.49,5.089,5.502,6.238,0.737,0.824,0.353,0.735,0.086,0.831,0.874,0.506,0.017,0.571,0.655,0.912
Clc1ccc(Cl)c(-c2ccc(Cl)c(Cl)c2)c1,-7.077,3.216,6.086,0.028,0.0,0.998,0.992,0.101,-4.646,-5.158,0.074,100.794,1.687,1.733,0.988,0.231,0.844,0.062,0.623,0.857,0.508,0.866,0.167,0.475,0.544,4.968,0.039,0.295,0.05,0.925,0.086,0.244,0.405,0.165,0.548,0.031,0.903,0.01,4.129,5.235,6.577,6.095,0.521,0.022,0.326,0.43,0.619,0.761,0.018,0.799,0.168,0.041,0.89,0.649
c1ccc(C2CO2)cc1,-1.723,1.524,1.632,0.005,0.003,0.996,0.921,0.866,-4.4,-4.438,0.798,67.424,3.012,0.576,0.39,0.745,0.158,0.603,0.051,0.138,0.017,0.429,0.011,0.308,0.531,6.83,0.316,0.028,0.126,0.043,0.943,0.15,0.137,0.888,0.685,0.923,0.994,0.29,1.456,3.402,4.012,4.644,0.014,0.014,0.024,0.016,0.215,0.009,0.005,0.029,0.018,0.023,0.019,0.034
CC(C)c1ccccc1,-3.218,3.417,3.465,0.001,0.012,0.997,0.351,0.464,-4.158,-4.642,0.695,93.619,2.341,1.129,0.963,0.874,0.69,0.758,0.382,0.203,0.34,0.159,0.024,0.372,0.299,7.197,0.431,0.022,0.031,0.14,0.017,0.088,0.026,0.218,0.378,0.971,0.995,0.046,1.994,3.399,3.939,3.988,0.009,0.002,0.007,0.004,0.209,0.013,0.002,0.014,0.004,0.014,0.007,0.002
CC12CCC(=O)C=C1CCC1C2CCC2(C)C(C(=O)CO)CCC12,-4.554,2.769,2.799,0.985,0.0,0.994,0.992,0.911,-4.84,-4.618,0.211,92.78,0.641,1.404,0.042,0.659,0.109,0.879,0.246,0.41,0.004,0.871,0.096,0.552,0.405,16.953,0.853,0.036,0.471,0.123,0.013,0.072,0.899,0.053,0.525,0.003,0.012,0.512,0.324,3.133,3.48,4.254,0.873,0.711,0.002,0.187,0.161,0.632,0.033,0.245,0.02,0.043,0.432,0.049
OC1COC(O)C(O)C1O,-0.037,-1.859,-2.254,0.001,0.083,0.157,0.982,0.146,-5.226,-2.957,0.571,10.611,0.639,0.079,0.011,0.06,0.016,0.149,0.001,0.285,0.004,0.154,0.005,0.015,0.987,1.483,0.661,0.039,0.034,0.041,0.338,0.221,0.005,0.054,0.021,0.003,0.074,0.042,0.321,1.283,0.868,2.843,0.418,0.014,0.006,0.004,0.266,0.039,0.003,0.025,0.021,0.006,0.006,0.003
CCc1cccc2ccccc12,-4.617,3.915,4.202,0.014,0.044,0.998,0.037,0.07,-4.339,-4.708,0.598,96.633,1.393,1.535,0.99,0.754,0.865,0.279,0.553,0.679,0.574,0.862,0.136,0.247,0.432,9.054,0.244,0.076,0.028,0.413,0.327,0.087,0.076,0.828,0.764,0.752,0.995,0.379,2.587,4.097,4.473,5.27,0.031,0.005,0.226,0.021,0.486,0.073,0.006,0.05,0.01,0.02,0.109,0.017
COC=O,0.737,0.49,0.027,0.0,0.009,0.994,0.998,0.146,-4.426,-3.035,0.963,15.413,0.947,0.091,0.338,0.84,0.07,0.814,0.008,0.293,0.015,0.542,0.008,0.247,0.585,7.417,0.868,0.008,0.186,0.075,0.018,0.727,0.026,0.254,0.077,0.949,0.973,0.41,0.147,1.388,2.464,3.293,0.011,0.013,0.01,0.004,0.096,0.007,0.002,0.019,0.008,0.007,0.006,0.006
O=[N+]([O-])c1ccccc1O,-1.926,1.48,1.871,0.0,0.001,0.994,0.998,0.999,-4.276,-3.59,0.319,81.764,0.421,0.88,0.835,0.37,0.365,0.178,0.169,0.906,0.236,0.569,0.03,0.166,0.707,8.954,0.863,0.081,0.523,0.251,0.312,0.885,0.039,0.818,0.814,0.882,0.983,0.936,0.755,3.742,3.597,4.513,0.016,0.252,0.523,0.062,0.16,0.031,0.023,0.457,0.065,0.042,0.551,0.026
Cc1c[nH]c(=O)[nH]c1=O,-1.486,-0.05,-0.417,0.0,0.178,0.032,0.99,0.155,-5.064,-4.883,0.051,12.667,0.425,0.106,0.046,0.973,0.083,0.057,0.013,0.156,0.008,0.046,0.009,0.243,0.222,7.909,0.945,0.018,0.696,0.97,0.021,0.117,0.015,0.301,0.132,0.008,0.971,0.017,0.169,1.699,2.795,3.617,0.016,0.001,0.007,0.003,0.076,0.006,0.002,0.012,0.068,0.005,0.006,0.01
O=C(Nc1ccc([N+](=O)[O-])cc1Cl)c1cc(Cl)ccc1O,-5.017,2.826,4.404,0.013,0.002,0.994,0.999,0.999,-4.655,-4.298,0.214,100.522,0.754,2.116,0.906,0.167,0.787,0.089,0.796,0.908,0.714,0.597,0.463,0.146,0.844,1.681,0.212,0.241,0.16,0.955,0.959,0.096,0.648,0.87,0.536,0.005,0.89,0.715,1.14,4.809,5.631,5.403,0.126,0.414,0.946,0.858,0.699,0.129,0.595,0.928,0.238,0.593,0.968,0.871
CCCCC,-3.202,3.213,3.374,0.0,0.013,0.997,0.334,0.059,-4.134,-4.616,0.996,84.109,1.885,0.662,0.948,0.89,0.294,0.868,0.163,0.795,0.028,0.27,0.022,0.178,0.54,8.711,0.622,0.034,0.02,0.062,0.008,0.225,0.025,0.313,0.143,0.991,0.989,0.393,1.711,3.413,3.542,3.9,0.013,0.002,0.006,0.004,0.142,0.011,0.003,0.016,0.004,0.016,0.006,0.003
Nc1ccc2cc3ccccc3cc2c1,-4.917,3.316,3.554,0.017,0.557,0.993,0.053,0.035,-4.469,-4.782,0.679,96.698,1.025,1.344,0.986,0.155,0.701,0.105,0.5,0.317,0.701,0.891,0.791,0.171,0.211,11.348,0.226,0.078,0.235,0.921,0.972,0.209,0.918,0.953,0.902,0.266,0.992,0.949,1.974,4.317,4.558,5.906,0.503,0.194,0.982,0.793,0.875,0.051,0.027,0.885,0.988,0.318,0.845,0.877
Cn1cnc2c1c(=O)[nH]c(=O)n2C,-2.504,-0.239,-0.623,0.0,0.622,0.958,0.992,0.964,-5.332,-5.081,0.773,35.146,1.386,0.192,0.026,0.976,0.024,0.057,0.003,0.235,0.004,0.104,0.004,0.131,0.863,5.745,0.914,0.008,0.659,0.96,0.052,0.291,0.022,0.04,0.112,0.003,0.07,0.534,0.325,2.332,2.682,3.419,0.005,0.002,0.02,0.003,0.055,0.005,0.002,0.011,0.005,0.002,0.003,0.003
c1ccc2cnccc2c1,-1.481,2.058,2.061,0.001,0.01,0.993,0.06,0.947,-4.141,-4.438,0.886,83.768,2.287,0.754,0.986,0.582,0.854,0.439,0.273,0.556,0.736,0.618,0.584,0.346,0.161,12.951,0.67,0.059,0.093,0.938,0.149,0.821,0.096,0.92,0.323,0.377,0.991,0.707,1.399,3.175,3.608,3.628,0.023,0.003,0.745,0.803,0.17,0.019,0.004,0.054,0.425,0.676,0.044,0.022
COP(=S)(OC)SCC(=O)N(c1ccc(Cl)cc1)C(C)C,-4.77,3.475,3.962,0.993,0.001,0.996,0.999,0.997,-4.458,-4.752,0.038,100.722,0.788,1.821,0.859,0.96,0.935,0.911,0.895,0.582,0.022,0.338,0.433,0.903,0.014,9.466,0.378,0.051,0.091,0.355,0.079,0.873,0.026,0.831,0.097,0.545,0.818,0.732,2.012,3.96,5.178,6.287,0.009,0.003,0.955,0.977,0.792,0.825,0.004,0.835,0.003,0.011,0.044,0.844
CCCCCCc1ccccc1,-5.072,4.307,4.952,0.013,0.003,0.998,0.159,0.055,-4.309,-4.843,0.767,96.581,1.831,1.712,0.971,0.53,0.861,0.127,0.619,0.534,0.186,0.106,0.133,0.224,0.17,7.573,0.352,0.114,0.031,0.045,0.009,0.046,0.038,0.884,0.163,0.975,0.994,0.168,2.695,4.695,4.982,4.748,0.015,0.004,0.008,0.016,0.399,0.015,0.027,0.033,0.017,0.095,0.035,0.004
Clc1ccccc1-c1ccccc1,-4.739,3.792,4.32,0.007,0.032,0.998,0.015,0.816,-4.295,-4.76,0.386,97.774,0.913,1.724,0.992,0.406,0.894,0.066,0.587,0.481,0.079,0.318,0.046,0.291,0.585,6.469,0.171,0.117,0.058,0.687,0.509,0.194,0.065,0.379,0.737,0.628,0.989,0.023,2.912,4.398,4.961,5.429,0.222,0.027,0.152,0.015,0.824,0.782,0.014,0.089,0.167,0.018,0.249,0.025
C=C(C)CCC,-2.818,3.051,3.125,0.0,0.0,0.998,0.088,0.367,-4.238,-4.559,0.998,56.222,1.731,0.222,0.762,0.885,0.153,0.886,0.032,0.827,0.016,0.736,0.014,0.201,0.496,9.839,0.693,0.014,0.026,0.048,0.007,0.025,0.022,0.16,0.59,0.99,0.991,0.09,1.858,2.86,3.177,4.256,0.021,0.003,0.014,0.004,0.09,0.008,0.003,0.015,0.005,0.059,0.007,0.002
CC(C)C(C)C(C)C,-4.572,4.06,3.855,0.0,0.01,0.977,0.15,0.098,-4.186,-4.681,0.889,94.247,1.666,1.316,0.659,0.635,0.076,0.947,0.398,0.199,0.013,0.135,0.062,0.626,0.7,11.625,0.342,0.008,0.022,0.087,0.009,0.027,0.044,0.044,0.054,0.981,0.995,0.029,2.469,3.106,3.63,4.378,0.001,0.001,0.012,0.002,0.307,0.218,0.002,0.011,0.001,0.009,0.003,0.001
Clc1cc(Cl)c(Cl)c(Cl)c1Cl,-6.447,2.693,5.267,0.013,0.0,0.998,0.999,0.063,-4.417,-4.902,0.194,100.68,5.756,1.713,0.99,0.674,0.689,0.157,0.929,0.808,0.212,0.47,0.159,0.323,0.73,8.158,0.118,0.08,0.051,0.911,0.052,0.125,0.892,0.538,0.184,0.969,0.981,0.434,3.91,5.121,6.296,5.554,0.69,0.052,0.268,0.227,0.064,0.328,0.003,0.566,0.019,0.058,0.426,0.19
O=[N+]([O-])c1cccc(O)c1,-1.198,1.936,1.664,0.0,0.002,0.993,0.998,0.999,-4.289,-3.587,0.564,69.891,0.45,0.6,0.929,0.176,0.513,0.123,0.185,0.895,0.339,0.695,0.171,0.186,0.5,11.906,0.846,0.087,0.583,0.284,0.667,0.878,0.216,0.917,0.829,0.976,0.987,0.875,0.667,3.593,3.512,4.14,0.015,0.248,0.186,0.014,0.68,0.067,0.003,0.416,0.026,0.021,0.69,0.028
C=CCCCCCCCC,-5.242,4.099,5.223,0.009,0.0,0.997,0.685,0.383,-4.436,-4.764,0.991,95.65,1.196,1.299,0.951,0.52,0.611,0.457,0.384,0.899,0.095,0.656,0.401,0.132,0.596,5.688,0.279,0.036,0.014,0.034,0.015,0.043,0.028,0.946,0.13,0.993,0.988,0.355,2.736,4.627,5.231,4.651,0.025,0.003,0.007,0.011,0.248,0.017,0.021,0.032,0.008,0.501,0.027,0.009
CC1(C)C(C=C(Cl)Cl)C1C(=O)OC(C#N)c1ccc(F)c(Oc2ccccc2)c1,-7.565,3.794,6.032,0.0,0.0,0.994,0.998,1.0,-4.66,-3.89,0.204,99.248,0.858,1.762,0.4,0.145,0.724,0.205,0.91,0.682,0.027,0.087,0.563,0.762,0.793,3.72,0.014,0.011,0.145,0.753,0.016,0.958,0.971,0.083,0.024,0.008,0.185,0.984,3.052,5.448,10.092,8.705,0.005,0.003,0.04,0.87,0.09,0.008,0.011,0.047,0.002,0.04,0.964,0.07
c1ccncc1,1.028,0.688,0.658,0.0,0.019,0.992,0.182,0.985,-3.931,-4.379,0.651,16.652,1.782,0.131,0.508,0.508,0.158,0.698,0.025,0.163,0.059,0.306,0.046,0.302,0.192,10.046,0.749,0.032,0.053,0.748,0.069,0.743,0.02,0.931,0.395,0.985,0.997,0.894,0.647,1.886,2.835,1.827,0.017,0.003,0.035,0.02,0.064,0.006,0.002,0.017,0.017,0.539,0.011,0.005
CCCCCCCBr,-4.153,3.466,4.255,0.0,0.0,0.997,0.973,0.168,-4.297,-4.788,0.984,94.646,3.213,1.127,0.963,0.754,0.473,0.578,0.323,0.848,0.059,0.349,0.051,0.134,0.566,2.478,0.428,0.08,0.122,0.377,0.578,0.185,0.03,0.729,0.494,0.987,0.993,0.945,2.162,4.396,4.874,4.324,0.008,0.003,0.017,0.012,0.097,0.005,0.014,0.081,0.006,0.5,0.14,0.51
